{
    "cam 0": {
        "focal_length": 764.8109145060221
    },
    "cam 1": {
        "focal length": 1018.6538949663932
    }
}