{
    "cam 0": {
        "focal_length": 908.5485498139842
    },
    "cam 1": {
        "focal length": 1018.6538949663932
    }
}